{
	"$schema": "https://schema.management.azure.com/schemas/2015-01-01/deploymentTemplate.json#",
	"contentVersion": "1.0.0.0",
	"parameters": {
		"registryName": {
			"type": "string"
		},
		"registryLocation": {
			"type": "string"
		},
		"registrySku": {
			"defaultValue": "Standard",
			"type": "string"
		}
	},
	"resources": [
		{
			"type": "Microsoft.ContainerRegistry/registries",
			"sku": {
				"name": "[parameters('registrySku')]"
			},
			"name": "[parameters('registryName')]",
			"apiVersion": "2017-10-01",
			"location": "[parameters('registryLocation')]",
			"properties": {
				"adminUserEnabled": true
			}
		}
	]
}