{
    "$schema": "https://schema.management.azure.com/schemas/2015-01-01/deploymentTemplate.json#",
    "contentVersion": "1.0.0.0",
    "parameters": {
        "functionAppName": {
            "type": "string",
            "metadata": {
                "description": "The name of the function app that you wish to create."
            }
        },
        "sku": {
            "type": "string",
            "defaultValue": "Dynamic Y1",
            "allowedValues": [
                "Dynamic Y1",
                "Standard S1"
            ]
        },
        "storageAccountName": {
            "type": "string"
        },
        "hostingPlanName": {
            "type": "string"
        },
        "registryName": {
            "type": "string"
        },
        "registryLocation": {
            "type": "string"
        },
        "registrySku": {
            "defaultValue": "Standard",
            "type": "string"
        },
        "functionsRunTime": {
            "defaultValue": "dotnet",
            "type": "string"
        }
    },
    "resources": [
        {
            "type": "Microsoft.Storage/storageAccounts",
            "sku": {
                "name": "Standard_LRS",
                "tier": "Standard"
            },
            "kind": "Storage",
            "name": "[parameters('storageAccountName')]",
            "apiVersion": "2018-07-01",
            "location": "[resourceGroup().location]",
            "properties": {
                "networkAcls": {
                    "bypass": "AzureServices",
                    "defaultAction": "Allow"
                },
                "supportsHttpsTrafficOnly": false,
                "encryption": {
                    "services": {
                        "file": {
                            "enabled": true
                        },
                        "blob": {
                            "enabled": true
                        }
                    },
                    "keySource": "Microsoft.Storage"
                }
            }
        },
        {
            "type": "Microsoft.Web/serverfarms",
            "sku": {
                "Tier": "[first(split(parameters('sku'), ' '))]",
                "Name": "[first(skip(split(parameters('sku'), ' '), 1))]"
            },
            "apiVersion": "2015-08-01",
            "name": "[parameters('hostingPlanName')]",
            "location": "[resourceGroup().location]",
            "properties": {
                "name": "[parameters('hostingPlanName')]"
            }
        },
        {
            "type": "Microsoft.ContainerRegistry/registries",
            "sku": {
                "name": "[parameters('registrySku')]"
            },
            "name": "[parameters('registryName')]",
            "apiVersion": "2017-10-01",
            "location": "[parameters('registryLocation')]",
            "properties": {
                "adminUserEnabled": true
            }
        },
        {
            "type": "Microsoft.Web/sites",
            "name": "[parameters('functionAppName')]",
            "kind": "functionapp",
            "apiVersion": "2016-08-01",
            "location": "[resourceGroup().location]",
            "properties": {
                "siteConfig": {
                    "alwaysOn": "[not(equals(parameters('sku'), 'Dynamic Y1'))]",
                    "appSettings": [
                        {
                            "name": "FUNCTIONS_WORKER_RUNTIME",
                            "value": "[parameters('functionsRunTime')]"
                        },
                        {
                            "name": "AzureWebJobsStorage",
                            "value": "[concat('DefaultEndpointsProtocol=https;AccountName=',parameters('storageAccountName'),';AccountKey=',listKeys(resourceId('Microsoft.Storage/storageAccounts', parameters('storageAccountName')), '2015-05-01-preview').key1)]"
                        },
                        {
                            "name": "FUNCTIONS_EXTENSION_VERSION",
                            "value": "~2"
                        },
                        {
                            "name": "WEBSITE_CONTENTAZUREFILECONNECTIONSTRING",
                            "value": "[concat('DefaultEndpointsProtocol=https;AccountName=',parameters('storageAccountName'),';AccountKey=',listKeys(resourceId('Microsoft.Storage/storageAccounts', parameters('storageAccountName')), '2015-05-01-preview').key1)]"
                        },
                        {
                            "name": "WEBSITE_CONTENTSHARE",
                            "value": "[parameters('storageAccountName')]"
                        },
                        {
                            "name": "WEBSITE_NODE_DEFAULT_VERSION",
                            "value": "8.11.1"
                        },
                        {
                            "name": "DOCKER_REGISTRY_SERVER_URL",
                            "value": "[concat('https://', reference(concat('Microsoft.ContainerRegistry/registries/', parameters('registryName'))).loginServer)]"
                        },
                        {
                            "name": "DOCKER_REGISTRY_SERVER_USERNAME",
                            "value": "[listCredentials(concat('Microsoft.ContainerRegistry/registries/', parameters('registryName')), '2017-10-01').username]"
                        },
                        {
                            "name": "DOCKER_REGISTRY_SERVER_PASSWORD",
                            "value": "[listCredentials(concat('Microsoft.ContainerRegistry/registries/', parameters('registryName')), '2017-10-01').passwords[0].value]"
                        }
                    ]
                },
                "serverFarmId": "[concat('/subscriptions/', subscription().subscriptionId,'/resourcegroups/', resourceGroup().name, '/providers/Microsoft.Web/serverfarms/', parameters('hostingPlanName'))]"
            },
            "dependsOn": [
                "[resourceId('Microsoft.Storage/storageAccounts', parameters('storageAccountName'))]",
                "[concat('Microsoft.Web/serverfarms/', parameters('hostingPlanName'))]",
                "[concat('Microsoft.ContainerRegistry/registries/', parameters('registryName'))]"
            ]
        }
    ]
}