{
    "iconName": "aks",
    "parameters": [
        {
            "name": "k8sResource",
            "type": "environmentResource:kubernetes",
            "required": "true",
            "displayName": "Kubernetes Resource"
        },
        {
            "name": "containerRegistryConnection",
            "type": "endpoint:containerRegistry",
            "required": "true",
            "displayName": "Container Registry"
        },
        {
            "name": "imageRepository",
            "type": "string",
            "required": "true",
            "displayName": "Image Name"
        },
        {
            "name": "servicePort",
            "type": "pickList",
            "required": "true",
            "displayName": "Service Port"
        },
        {
            "name": "reviewApp",
            "type": "boolean",
            "displayName": "Enable Review App flow for Pull Requests"
        }
    ],
    "assets": [
        {
            "type": "file",
            "path": "k8s/deployment.yml",
            "destinationPath": "manifests/deployment.yml",
            "description": "Kubernetes manifest (deployment)"
        },
        {
            "type": "file",
            "path": "k8s/service.yml",
            "destinationPath": "manifests/service.yml",
            "description": "Kubernetes manifest (service)"
        }
    ]
}
