{
    "iconName": "aks",
    "parameters": [
        {
            "name": "k8sResource",
            "type": "environmentResource:kubernetes",
            "required": "true",
            "displayName": "Kubernetes Resource"
        },
        {
            "name": "containerRegistryConnection",
            "type": "endpoint:containerRegistry",
            "required": "true",
            "displayName": "Container Registry"
        },
        {
            "name": "imageRepository",
            "type": "string",
            "required": "true",
            "displayName": "Image Name"
        },
        {
            "name": "servicePort",
            "type": "pickList",
            "required": "true",
            "displayName": "Service Port"
        },
        {
            "name": "reviewApp",
            "type": "boolean",
            "displayName": "Enable Review App flow for Pull Requests"
        },
        {
            "name": "azureServiceConnection",
            "type": "endpoint:azureRm",
            "required": "true",
            "displayName": "Azure Connection"
        },
        {
            "name": "description",
            "type": "markdown",
            "displayName": "Azure Dev Spaces provides a way to independently update portions of your microservices application and it complements Azure Pipeline Review App feature.. [Learn more](https://aka.ms/reviewappazds)"
        }
    ],
    "assets": [
        {
            "type": "file",
            "path": "k8s/devspaces-0.1.0.tgz",
            "destinationPath": "charts/devspaces-0.1.0.tgz",
            "description": "Helm Chart for devspaces deployment"
        }
    ]
}
