{
  "iconName": "php",
  "parameters": [
        {
            "name": "azureRmServiceConnection",
            "type": "endpoint:azureRm",
            "required": "true"
        },
        {
            "name": "webAppName",
            "type": "dataSourcePicklist",
            "required": "true",
            "displayName": "Web App name"
        }
    ],
    "dataSourceBindings": [
        {
            "dataSourceName": "AzureRMWebAppNamesByAppType",
            "endpointParameterName": "azureRmServiceConnection",
			"parameters": {
                "WebAppKind": "webAppLinux"
			},
            "target": "webAppName"
        }
    ]
}